id;user_id;name;surname;birthday;username;jhi_password;country;city;zip;street;email;phone;language;data_of_registration
1;mobile Fish;Home Loan Account Table Computer;Trace;2019-05-10T01:57:32;Metal deposit;Producer;Spain;Effertztown;Officer;Monahan Plains;Adaline29@yahoo.com;1-631-029-3240 x761;Cambridgeshire Mississippi;2019-05-10T08:51:11
2;Credit Card Account Table Small Frozen Sausages;South Dakota envisioneer Music;Nakfa;2019-05-09T23:24:16;Rubber Buckinghamshire Games;incentivize Tuna copy;Isle of Man;Cordellmouth;Chair Facilitator;Weimann Springs;Soledad_Walter@yahoo.com;1-305-150-9383 x72585;Specialist Home Loan Account;2019-05-10T03:20:38
3;scalable;Small;deliverables reinvent 24 hour;2019-05-10T09:37:48;magenta monitor 1080p;Unbranded Plastic Tuna Frozen;Switzerland;Muellerview;Ergonomic;Ortiz Islands;Mandy_Rempel@gmail.com;(854) 319-7877;Robust Networked;2019-05-10T08:59:51
4;system Small;Intelligent Outdoors;Harbor Montana;2019-05-09T17:16:33;Concrete Investment Account Saint Lucia;User-centric;Barbados;Effiechester;JSON;Electa Plaza;Benedict_Swaniawski@yahoo.com;148-853-8183;Direct;2019-05-10T03:26:13
5;withdrawal;copying;ability Hat Iraq;2019-05-09T22:19:56;Bahamian Dollar;24/7;United States of America;West Dagmarport;Kenyan Shilling robust;Windler Walk;Demond_Predovic@gmail.com;1-129-026-9540;encompassing;2019-05-09T12:10:11
6;Public-key Granite;Way Dominican Republic;Bulgarian Lev navigate;2019-05-10T04:15:53;transmitter;Point Orchestrator;Iceland;Raymundoton;hacking installation magenta;Lance Camp;Marianne71@gmail.com;1-823-601-9633 x598;Forint;2019-05-09T16:19:23
7;azure;SMS Enhanced;Bacon Designer;2019-05-09T21:34:08;content-based Executive;Customer Human deposit;Greenland;West Maxine;programming SCSI drive;Rowena Tunnel;Tre_Crooks66@gmail.com;503-196-9021 x3546;invoice Devolved;2019-05-09T16:52:33
8;Networked;Fish;payment calculating;2019-05-09T18:11:07;Nevada;Berkshire;New Zealand;East Dee;Strategist target;London Tunnel;Percival_Heidenreich@yahoo.com;648.127.4250 x760;Representative;2019-05-09T22:41:22
9;uniform PCI back up;Tactics architectures Planner;Facilitator Incredible functionalities;2019-05-10T05:23:10;eco-centric Bedfordshire mesh;Configuration UIC-Franc;Mexico;North Corenestad;Director Concrete Bedfordshire;Robel Trail;Maverick_Collins35@hotmail.com;228.482.8690 x505;digital deposit;2019-05-09T17:07:15
10;auxiliary Human;Tools California;North Dakota Garden;2019-05-09T22:47:37;Wallis and Futuna;generating;Sweden;East Aliatown;frame Brunei Darussalam interface;Donna Stream;Virgie.Mueller@gmail.com;015-456-6171 x99573;redundant;2019-05-10T03:28:05
