id;account_id;user_id;bilane;status
1;repurpose Sleek;mesh system Triple-buffered;33025;supply-chains
2;Tools;Arizona hack;76719;quantifying
3;synthesize Idaho Markets;Glen Refined;52837;web services
4;Industrial Designer Incredible Fresh Car;Principal Senior;25299;Yemeni Rial Sleek
5;Savings Account;heuristic Orchestrator Naira;38420;protocol Product Usability
6;Regional;Generic B2B;16967;withdrawal
7;one-to-one Indiana;holistic;25994;Ridges Beauty dynamic
8;multi-byte Pound Sterling;Frozen;7620;Usability models New Mexico
9;markets Accountability EXE;Chair;41125;transmit Ways
10;Shirt Credit Card Account disintermediate;transmitting Tennessee Practical Steel Shirt;13385;Movies
